NODE_A9_length_10702_cov_11.628988_BlackFly59	NODE_A9_length_10702_cov_11.628988_BlackFly59,NODE_A270_length_1172_cov_4.612785_BlackFly53,NODE_A639_length_808_cov_4.344733_BlackFly53,NODE_A662_length_798_cov_1.323162_BlackFly53,NODE_A852_length_737_cov_4.800000_BlackFly53,NODE_A738_length_766_cov_3.746009_BlackFly53,NODE_A1529_length_629_cov_3.940217_BlackFly53
NODE_A2_length_9054_cov_7.845160_BlackFly18	NODE_A2_length_9054_cov_7.845160_BlackFly18,NODE_A637_length_1045_cov_3.339876_BlackFly57,NODE_A1847_length_781_cov_3.069602_BlackFly57,NODE_A3516_length_681_cov_2.448675_BlackFly57,NODE_A3971_length_663_cov_1.986348_BlackFly57,NODE_A3906_length_587_cov_2.860784_BlackFly16
NODE_A14_length_7025_cov_7.828440_BlackFly21	NODE_A14_length_7025_cov_7.828440_BlackFly21,NODE_A2_length_6747_cov_9.365517_BlackFly25,NODE_A18_length_3899_cov_6.963632_BlackFly45,NODE_A51_length_3113_cov_5.201581_BlackFly34,NODE_A86_length_3370_cov_7.668387_BlackFly23,NODE_A114_length_2609_cov_6.231833_BlackFly29,NODE_A56_length_2162_cov_5.258034_BlackFly46,NODE_A241_length_1259_cov_2.288494_BlackFly38,NODE_A142_length_1317_cov_3.904839_BlackFly22,NODE_A4557_length_1139_cov_4.274953_BlackFly34,NODE_A656_length_1633_cov_4.951799_BlackFly34,NODE_A406_length_1141_cov_3.268797_BlackFly32,NODE_A370_length_1031_cov_2.743187_BlackFly22,NODE_A944_length_894_cov_2.724602_BlackFly38,NODE_A821_length_747_cov_2.958209_BlackFly53,NODE_A717_length_838_cov_1.938239_BlackFly52,NODE_A2609_length_639_cov_4.209964_BlackFly46,NODE_A16921_length_618_cov_3.012939_BlackFly3,NODE_A2884_length_582_cov_2.398020_BlackFly31,NODE_A52247_length_594_cov_6.228240_BlackFly34,NODE_A6812_length_593_cov_2.676357_BlackFly58,NODE_A6666_length_596_cov_1.473988_BlackFly58,NODE_A474_length_644_cov_2.680776_BlackFly20,NODE_B4017_length_536_cov_1.435730_BlackFly34,NODE_A4169_length_598_cov_1.934741_BlackFly32,NODE_A24421_length_605_cov_4.143939_BlackFly39,NODE_A3017_length_527_cov_3.471111_BlackFly53,NODE_A11278_length_532_cov_2.692308_BlackFly58,NODE_A2433_length_551_cov_1.601266_BlackFly28,NODE_A40261_length_516_cov_1.933941_BlackFly27
NODE_A56_length_6286_cov_203.460139_BlackFly28	NODE_A56_length_6286_cov_203.460139_BlackFly28,NODE_A21_length_3527_cov_46.057101_BlackFly46,NODE_A50_length_3522_cov_71.469376_BlackFly32,NODE_A303_length_1377_cov_4.310769_BlackFly15,NODE_A502_length_981_cov_2.921460_BlackFly15
NODE_A5_length_5876_cov_15.788757_BlackFly18	NODE_A5_length_5876_cov_15.788757_BlackFly18,NODE_A121_length_4617_cov_3.833700_BlackFly57,NODE_A381_length_1494_cov_4.375441_BlackFly16,NODE_A8327_length_559_cov_4.869295_BlackFly57
NODE_A5_length_5463_cov_5.386558_BlackFly11	NODE_A5_length_5463_cov_5.386558_BlackFly11
NODE_A5_length_5444_cov_43.076579_BlackFly22	NODE_A5_length_5444_cov_43.076579_BlackFly22,NODE_B21_length_5222_cov_16.649563_BlackFly27,NODE_A19_length_4476_cov_93.211412_BlackFly35,NODE_A43_length_2409_cov_7.019297_BlackFly38,NODE_B12_length_3004_cov_7.459173_BlackFly35,NODE_A1479_length_1418_cov_21.088740_BlackFly34,NODE_A258_length_1246_cov_4.383234_BlackFly21,NODE_A379_length_1026_cov_3.207587_BlackFly21,NODE_A12802_length_902_cov_10.466667_BlackFly34,NODE_A21265_length_790_cov_8.893408_BlackFly34,NODE_B740_length_738_cov_2.933434_BlackFly34,NODE_A7301_length_720_cov_3.069984_BlackFly25,NODE_A1571_length_687_cov_1.868852_BlackFly21,NODE_A1747_length_670_cov_3.924115_BlackFly21,NODE_A1214_length_548_cov_3.163482_BlackFly30,NODE_A19254_length_559_cov_2.784232_BlackFly25,NODE_A12007_length_525_cov_3.625000_BlackFly38,NODE_A33351_length_691_cov_14.609121_BlackFly34,NODE_B4276_length_528_cov_5.195122_BlackFly34
NODE_A57_length_5304_cov_10.672852_BlackFly43	NODE_A57_length_5304_cov_10.672852_BlackFly43,NODE_A9159_length_806_cov_4.053498_BlackFly27,NODE_A19279_length_659_cov_1.611684_BlackFly27,NODE_A43028_length_503_cov_2.626761_BlackFly27
NODE_A10_length_4540_cov_12.946000_BlackFly18	NODE_A10_length_4540_cov_12.946000_BlackFly18,NODE_A404_length_1295_cov_2.825944_BlackFly57,NODE_A717_length_1005_cov_4.931034_BlackFly57,NODE_A864_length_897_cov_1.290244_BlackFly16,NODE_A1674_length_800_cov_1.912863_BlackFly57,NODE_A5281_length_544_cov_3.203426_BlackFly16,NODE_A12325_length_505_cov_5.471963_BlackFly57,NODE_A6945_length_507_cov_3.023256_BlackFly16
NODE_A29_length_4484_cov_17.315861_BlackFly59	NODE_A29_length_4484_cov_17.315861_BlackFly59,NODE_A90_length_1885_cov_2.802544_BlackFly53,NODE_A2814_length_536_cov_8.607843_BlackFly53
NODE_A73_length_4440_cov_16.653220_BlackFly16	NODE_A73_length_4440_cov_16.653220_BlackFly16
NODE_A68_length_4220_cov_8.471639_BlackFly3	NODE_A68_length_4220_cov_8.471639_BlackFly3
NODE_A9_length_4191_cov_15.251580_BlackFly22	NODE_A9_length_4191_cov_15.251580_BlackFly22,NODE_A54_length_2953_cov_6.647079_BlackFly21,NODE_A201_length_1578_cov_2.363091_BlackFly6,NODE_A252_length_1346_cov_3.064618_BlackFly6,NODE_A1464_length_698_cov_6.351047_BlackFly21,NODE_A1720_length_518_cov_4.086168_BlackFly6
NODE_A35_length_4147_cov_13.336609_BlackFly59	NODE_A35_length_4147_cov_13.336609_BlackFly59,NODE_A248_length_1208_cov_8.236074_BlackFly53,NODE_A306_length_1104_cov_2.138267_BlackFly53
NODE_A11_length_4120_cov_7.586693_BlackFly18	NODE_A11_length_4120_cov_7.586693_BlackFly18,NODE_A2607_length_724_cov_4.372488_BlackFly57,NODE_A3348_length_688_cov_1.905074_BlackFly57,NODE_A3636_length_676_cov_3.590985_BlackFly57
NODE_A28_length_4108_cov_938.448772_BlackFly34	NODE_A28_length_4108_cov_938.448772_BlackFly34
NODE_A65_length_4023_cov_72.985555_BlackFly15	NODE_A65_length_4023_cov_72.985555_BlackFly15
NODE_A12_length_4005_cov_7.099796_BlackFly58	NODE_A12_length_4005_cov_7.099796_BlackFly58,NODE_A25722_length_603_cov_2.821293_BlackFly27
NODE_A35_length_3989_cov_358.219836_BlackFly42	NODE_A35_length_3989_cov_358.219836_BlackFly42,NODE_A18_length_3962_cov_14.441956_BlackFly38,NODE_A147_length_2292_cov_8.935892_BlackFly15,NODE_A455_length_1033_cov_4.719665_BlackFly15
NODE_A28_length_3984_cov_106.075250_BlackFly14	NODE_A28_length_3984_cov_106.075250_BlackFly14,NODE_A56_length_3965_cov_58.666667_BlackFly29,NODE_A69_length_3965_cov_96.619856_BlackFly31,NODE_A9_length_3659_cov_11.175321_BlackFly47,NODE_A114_length_3820_cov_11.808710_BlackFly28,NODE_A28_length_3778_cov_18.888138_BlackFly53,NODE_A31_length_3675_cov_7.166203_BlackFly10,NODE_A24_length_3426_cov_38.062108_BlackFly46,NODE_A18_length_2497_cov_19.947934_BlackFly13,NODE_A37_length_2264_cov_6.821216_BlackFly25,NODE_A138_length_1826_cov_3.351058_BlackFly48,NODE_B47_length_1578_cov_3.129247_BlackFly35,NODE_A55_length_1486_cov_9.608233_BlackFly13,NODE_A397_length_1454_cov_2.629630_BlackFly19,NODE_A193_length_1287_cov_11.051240_BlackFly35,NODE_A333_length_1166_cov_11.761249_BlackFly6,NODE_A536_length_1185_cov_2.324910_BlackFly12,NODE_A1817_length_1166_cov_3.195592_BlackFly27,NODE_A406_length_1099_cov_72.734834_BlackFly52,NODE_A4061_length_979_cov_3.063193_BlackFly27,NODE_A513_length_974_cov_31.995541_BlackFly52,NODE_A2468_length_910_cov_1.979592_BlackFly43,NODE_A683_length_794_cov_13.463040_BlackFly6,NODE_B170_length_800_cov_7.110650_BlackFly52,NODE_A848_length_785_cov_20.956215_BlackFly52,NODE_B68_length_750_cov_2.478455_BlackFly13,NODE_B240_length_660_cov_1.770154_BlackFly6,NODE_A1039_length_640_cov_10.689165_BlackFly6,NODE_B235_length_638_cov_4.948307_BlackFly52,NODE_A12920_length_625_cov_3.516423_BlackFly25,NODE_A2192_length_1122_cov_3.533971_BlackFly27,NODE_A5760_length_547_cov_12.106383_BlackFly46
NODE_A29_length_3981_cov_409.724385_BlackFly14	NODE_A29_length_3981_cov_409.724385_BlackFly14,NODE_A13_length_3970_cov_33.561007_BlackFly7,NODE_A115_length_3795_cov_30.067509_BlackFly28,NODE_B8_length_3532_cov_4.329378_BlackFly35,NODE_A20_length_3420_cov_7.466348_BlackFly25,NODE_A88_length_3373_cov_8.779733_BlackFly15,NODE_A47_length_3351_cov_9.603543_BlackFly20,NODE_A144_length_3214_cov_27.909786_BlackFly16,NODE_A77_length_3118_cov_9.814535_BlackFly29,NODE_A82_length_3052_cov_15.668908_BlackFly32,NODE_A72_length_2689_cov_6.952910_BlackFly6,NODE_A64_length_2300_cov_3.353576_BlackFly4,NODE_A77_length_2302_cov_5.961798_BlackFly39,NODE_A102_length_1411_cov_4.106447_BlackFly9,NODE_A177_length_1329_cov_25.856230_BlackFly35,NODE_A1457_length_770_cov_2.852814_BlackFly32,NODE_A986_length_658_cov_1.309811_BlackFly6,NODE_A3788_length_556_cov_1.492693_BlackFly9,NODE_A6062_length_525_cov_2.430804_BlackFly16
NODE_A75_length_3957_cov_207.516495_BlackFly3	NODE_A75_length_3957_cov_207.516495_BlackFly3,NODE_A97_length_3953_cov_52.605521_BlackFly16,NODE_A24_length_3933_cov_10.762189_BlackFly35,NODE_A54_length_3906_cov_21.896056_BlackFly52,NODE_A106_length_3899_cov_97.869963_BlackFly28
NODE_A66_length_3934_cov_64.378533_BlackFly36	NODE_A66_length_3934_cov_64.378533_BlackFly36
NODE_A56_length_3844_cov_9.778073_BlackFly27	NODE_A56_length_3844_cov_9.778073_BlackFly27
NODE_A36_length_3843_cov_15.658258_BlackFly59	NODE_A36_length_3843_cov_15.658258_BlackFly59,NODE_A172_length_1462_cov_3.241155_BlackFly53,NODE_A480_length_902_cov_9.293333_BlackFly53,NODE_A958_length_715_cov_2.979624_BlackFly53
NODE_A15_length_3814_cov_44.031041_BlackFly46	NODE_A15_length_3814_cov_44.031041_BlackFly46
NODE_A11_length_3744_cov_66.137442_BlackFly11	NODE_A11_length_3744_cov_66.137442_BlackFly11
NODE_A12_length_3661_cov_9.920201_BlackFly18	NODE_A12_length_3661_cov_9.920201_BlackFly18,NODE_A186_length_2888_cov_3.683387_BlackFly57,NODE_A1105_length_825_cov_2.255348_BlackFly16,NODE_A1382_length_775_cov_2.376791_BlackFly16,NODE_A1953_length_701_cov_3.288462_BlackFly16
NODE_A62_length_3648_cov_16.035004_BlackFly52	NODE_A62_length_3648_cov_16.035004_BlackFly52,NODE_A58_length_3077_cov_6.216333_BlackFly6
NODE_A61_length_3640_cov_8.694920_BlackFly29	NODE_A61_length_3640_cov_8.694920_BlackFly29,NODE_A135_length_2621_cov_11.563286_BlackFly23,NODE_A50_length_2343_cov_3.451015_BlackFly22,NODE_A58_length_2138_cov_9.594857_BlackFly45,NODE_A74_length_1734_cov_2.667471_BlackFly58,NODE_A159_length_1514_cov_3.235908_BlackFly53,NODE_A91_length_1696_cov_4.452749_BlackFly46,NODE_A893_length_679_cov_1.815615_BlackFly5,NODE_A2734_length_661_cov_2.547945_BlackFly32,NODE_A3635_length_566_cov_1.989775_BlackFly21,NODE_A3749_length_613_cov_2.880597_BlackFly32,NODE_A28603_length_725_cov_2.404321_BlackFly34
NODE_A13_length_3588_cov_10.750498_BlackFly18	NODE_A13_length_3588_cov_10.750498_BlackFly18,NODE_A219_length_2320_cov_4.124387_BlackFly57,NODE_A2423_length_736_cov_2.707132_BlackFly57
NODE_A14_length_3531_cov_5.286335_BlackFly18	NODE_A14_length_3531_cov_5.286335_BlackFly18,NODE_A1018_length_906_cov_2.575392_BlackFly57,NODE_A2492_length_732_cov_2.897710_BlackFly57
NODE_A134_length_3517_cov_15.431395_BlackFly28	NODE_A134_length_3517_cov_15.431395_BlackFly28,NODE_A35_length_3471_cov_58.824691_BlackFly53,NODE_A95_length_3476_cov_39.096793_BlackFly31
NODE_A22_length_3511_cov_136.183751_BlackFly7	NODE_A22_length_3511_cov_136.183751_BlackFly7,NODE_A22_length_3473_cov_10.360718_BlackFly46,NODE_A48_length_3502_cov_104.864818_BlackFly44,NODE_A79_length_3465_cov_31.518300_BlackFly23,NODE_A20_length_3409_cov_18.099940_BlackFly58,NODE_A95_length_2276_cov_17.043656_BlackFly6,NODE_A125_length_3038_cov_8.355961_BlackFly43,NODE_A188_length_1865_cov_13.291946_BlackFly32,NODE_A246_length_1596_cov_18.472021_BlackFly32,NODE_A138_length_1371_cov_2.918856_BlackFly20,NODE_A325_length_1197_cov_16.033929_BlackFly6,NODE_A239_length_1094_cov_3.229105_BlackFly35,NODE_A106_length_1012_cov_4.005348_BlackFly13,NODE_A264_length_860_cov_3.466156_BlackFly20,NODE_B162_length_884_cov_2.345725_BlackFly6,NODE_A175_length_799_cov_2.242382_BlackFly13,NODE_A17038_length_598_cov_1.600768_BlackFly19,NODE_A710_length_545_cov_1.151709_BlackFly13,NODE_A2274_length_512_cov_2.473563_BlackFly35
NODE_A117_length_3501_cov_192.502629_BlackFly16	NODE_A117_length_3501_cov_192.502629_BlackFly16,NODE_A26_length_3494_cov_133.222125_BlackFly45,NODE_A58_length_3437_cov_75.688095_BlackFly32,NODE_A81_length_3430_cov_63.594691_BlackFly23,NODE_A38_length_3402_cov_38.918496_BlackFly10,NODE_A22_length_3468_cov_202.684754_BlackFly24,NODE_A86_length_3397_cov_13.912952_BlackFly15,NODE_A98_length_2213_cov_5.203652_BlackFly5,NODE_A251_length_1137_cov_5.500943_BlackFly5,NODE_A675_length_1142_cov_2.091080_BlackFly28
NODE_A27_length_3487_cov_195.804985_BlackFly45	NODE_A27_length_3487_cov_195.804985_BlackFly45
NODE_A127_length_3463_cov_289.979327_BlackFly16	NODE_A127_length_3463_cov_289.979327_BlackFly16,NODE_A107_length_3451_cov_247.719028_BlackFly19,NODE_A78_length_3419_cov_28.081688_BlackFly27,NODE_A56_length_3436_cov_26.781780_BlackFly48,NODE_A36_length_3458_cov_172.700385_BlackFly10,NODE_A83_length_3418_cov_94.034720_BlackFly23,NODE_A79_length_3398_cov_42.448359_BlackFly12,NODE_A64_length_3386_cov_62.226050_BlackFly32,NODE_A25_length_3434_cov_91.819184_BlackFly22,NODE_B31_length_3355_cov_20.863331_BlackFly53,NODE_A29_length_3352_cov_19.727939_BlackFly45,NODE_A143_length_3268_cov_29.514572_BlackFly28,NODE_A133_length_3036_cov_8.907739_BlackFly3,NODE_A45_length_2746_cov_118.432746_BlackFly35,NODE_A43_length_2141_cov_18.128876_BlackFly24,NODE_A125_length_2097_cov_4.363366_BlackFly59,NODE_A164_length_1206_cov_2.460585_BlackFly20,NODE_A255_length_1128_cov_4.875357_BlackFly5,NODE_A296_length_976_cov_4.692992_BlackFly24,NODE_A2460_length_813_cov_4.385870_BlackFly29,NODE_B118_length_809_cov_4.273224_BlackFly35,NODE_A407_length_829_cov_35.013298_BlackFly35,NODE_A8611_length_586_cov_1.021611_BlackFly29
NODE_A49_length_3453_cov_38.838566_BlackFly59	NODE_A49_length_3453_cov_38.838566_BlackFly59,NODE_A51_length_3397_cov_73.596084_BlackFly42,NODE_A13_length_3326_cov_12.061865_BlackFly13,NODE_A108_length_3339_cov_10.775598_BlackFly3,NODE_A27_length_3245_cov_45.123106_BlackFly46,NODE_A48_length_2612_cov_7.936095_BlackFly4,NODE_A28_length_3017_cov_5.588776_BlackFly58,NODE_A132_length_1933_cov_8.650323_BlackFly6,NODE_A127_length_1915_cov_6.803591_BlackFly48,NODE_A277_length_1295_cov_1.912151_BlackFly6,NODE_A960_length_666_cov_2.494058_BlackFly48,NODE_A1557_length_548_cov_1.564756_BlackFly48
NODE_A41_length_3449_cov_140.247331_BlackFly14	NODE_A41_length_3449_cov_140.247331_BlackFly14
NODE_A17_length_3449_cov_435.283511_BlackFly25	NODE_A17_length_3449_cov_435.283511_BlackFly25,NODE_A59_length_3429_cov_45.101134_BlackFly32,NODE_A77_length_3376_cov_32.400727_BlackFly52,NODE_A42_length_3424_cov_53.422767_BlackFly21,NODE_A39_length_3382_cov_36.360363_BlackFly10,NODE_A198_length_2174_cov_15.310443_BlackFly12,NODE_A279_length_2044_cov_7.458566_BlackFly28,NODE_A89_length_1910_cov_8.810693_BlackFly35,NODE_A234_length_1794_cov_7.512522_BlackFly19,NODE_A323_length_1972_cov_4.241161_BlackFly3,NODE_A2955_length_1026_cov_6.289779_BlackFly23,NODE_A6589_length_763_cov_5.090379_BlackFly19,NODE_A11612_length_721_cov_4.431677_BlackFly23,NODE_A2232_length_661_cov_4.765583_BlackFly24,NODE_A16616_length_647_cov_9.535088_BlackFly23
NODE_A74_length_3440_cov_50.762117_BlackFly52	NODE_A74_length_3440_cov_50.762117_BlackFly52,NODE_A281_length_2081_cov_12.828842_BlackFly31,NODE_A46_length_2071_cov_11.919759_BlackFly24,NODE_A897_length_1102_cov_5.492683_BlackFly31,NODE_A781_length_805_cov_17.149725_BlackFly24,NODE_A2443_length_535_cov_2.401747_BlackFly49
NODE_A19_length_3435_cov_52.119714_BlackFly25	NODE_A19_length_3435_cov_52.119714_BlackFly25
NODE_A100_length_3433_cov_2.458284_BlackFly3	NODE_A100_length_3433_cov_2.458284_BlackFly3
NODE_A49_length_3409_cov_88.230492_BlackFly42	NODE_A49_length_3409_cov_88.230492_BlackFly42
NODE_A140_length_3398_cov_114.870521_BlackFly28	NODE_A140_length_3398_cov_114.870521_BlackFly28,NODE_A73_length_3210_cov_18.911586_BlackFly32,NODE_A267_length_1522_cov_3.341176_BlackFly15
NODE_A26_length_3387_cov_18.099094_BlackFly22	NODE_A26_length_3387_cov_18.099094_BlackFly22
NODE_A131_length_3365_cov_11.162409_BlackFly16	NODE_A131_length_3365_cov_11.162409_BlackFly16
NODE_A106_length_3365_cov_37.178528_BlackFly3	NODE_A106_length_3365_cov_37.178528_BlackFly3
NODE_A54_length_3352_cov_11.989924_BlackFly59	NODE_A54_length_3352_cov_11.989924_BlackFly59,NODE_A239_length_1252_cov_3.154043_BlackFly53
NODE_A25_length_3347_cov_64.301835_BlackFly46	NODE_A25_length_3347_cov_64.301835_BlackFly46
NODE_A17_length_3343_cov_13.539498_BlackFly18	NODE_A17_length_3343_cov_13.539498_BlackFly18,NODE_A514_length_1141_cov_5.347744_BlackFly57,NODE_A562_length_1092_cov_3.979310_BlackFly57,NODE_A1108_length_824_cov_4.479250_BlackFly16,NODE_A4141_length_656_cov_7.668394_BlackFly57,NODE_A2965_length_629_cov_4.673913_BlackFly16,NODE_A4296_length_574_cov_2.476861_BlackFly16
NODE_A55_length_3340_cov_3.948820_BlackFly42	NODE_A55_length_3340_cov_3.948820_BlackFly42,NODE_A2556_length_762_cov_1.890511_BlackFly47
NODE_A104_length_3334_cov_388.051581_BlackFly31	NODE_A104_length_3334_cov_388.051581_BlackFly31
NODE_A48_length_3316_cov_4.321704_BlackFly34	NODE_A48_length_3316_cov_4.321704_BlackFly34,NODE_A370_length_1386_cov_11.497326_BlackFly57,NODE_A701_length_862_cov_1.443312_BlackFly42,NODE_A5299_length_550_cov_1.640592_BlackFly42
NODE_A23_length_3310_cov_59.697185_BlackFly58	NODE_A23_length_3310_cov_59.697185_BlackFly58
NODE_A110_length_3309_cov_439.921101_BlackFly3	NODE_A110_length_3309_cov_439.921101_BlackFly3,NODE_A84_length_2334_cov_7.617634_BlackFly30,NODE_A160_length_2897_cov_12.493262_BlackFly16,NODE_A847_length_1230_cov_3.692108_BlackFly43,NODE_A13204_length_550_cov_1.896406_BlackFly43
NODE_A14_length_3264_cov_99.789457_BlackFly11	NODE_A14_length_3264_cov_99.789457_BlackFly11
NODE_A66_length_3178_cov_18.596259_BlackFly59	NODE_A66_length_3178_cov_18.596259_BlackFly59,NODE_A141_length_1583_cov_5.802789_BlackFly53,NODE_A432_length_938_cov_3.047619_BlackFly53
NODE_A61_length_3151_cov_46.939493_BlackFly30	NODE_A61_length_3151_cov_46.939493_BlackFly30
NODE_A24_length_3128_cov_33.994756_BlackFly7	NODE_A24_length_3128_cov_33.994756_BlackFly7,NODE_A54_length_3109_cov_19.922164_BlackFly44,NODE_A241_length_1391_cov_2.912481_BlackFly6,NODE_A1145_length_1292_cov_4.717695_BlackFly23,NODE_A1233_length_1273_cov_6.025084_BlackFly23,NODE_A388_length_1163_cov_2.695212_BlackFly32,NODE_A1395_length_1065_cov_1.451417_BlackFly43,NODE_A636_length_823_cov_4.662198_BlackFly6,NODE_A6348_length_693_cov_1.870130_BlackFly43,NODE_A8364_length_636_cov_1.790698_BlackFly43,NODE_A1766_length_513_cov_1.768349_BlackFly6
NODE_A25_length_3091_cov_7.302920_BlackFly58	NODE_A25_length_3091_cov_7.302920_BlackFly58,NODE_A7792_length_797_cov_3.331944_BlackFly3
NODE_A20_length_3074_cov_12.076076_BlackFly18	NODE_A20_length_3074_cov_12.076076_BlackFly18,NODE_A518_length_1136_cov_4.098206_BlackFly57,NODE_A2078_length_760_cov_5.458272_BlackFly57,NODE_A3784_length_592_cov_2.535922_BlackFly16
NODE_A92_length_3001_cov_15.531806_BlackFly52	NODE_A92_length_3001_cov_15.531806_BlackFly52
NODE_A1_length_2980_cov_37.704788_BlackFly_NC_Jara_2	NODE_A1_length_2980_cov_37.704788_BlackFly_NC_Jara_2
NODE_A32_length_2975_cov_8.824017_BlackFly38	NODE_A32_length_2975_cov_8.824017_BlackFly38,NODE_A175_length_1438_cov_8.923586_BlackFly53
NODE_A2_length_2961_cov_28.619972_BlackFly_NC_Jara_2	NODE_A2_length_2961_cov_28.619972_BlackFly_NC_Jara_2
NODE_A22_length_2942_cov_9.320419_BlackFly18	NODE_A22_length_2942_cov_9.320419_BlackFly18,NODE_A5659_length_613_cov_3.380597_BlackFly57
NODE_A19_length_2902_cov_6.881416_BlackFly11	NODE_A19_length_2902_cov_6.881416_BlackFly11
NODE_A162_length_2866_cov_8.873790_BlackFly16	NODE_A162_length_2866_cov_8.873790_BlackFly16
NODE_A75_length_2845_cov_11.862717_BlackFly59	NODE_A75_length_2845_cov_11.862717_BlackFly59,NODE_A1008_length_704_cov_6.845295_BlackFly53,NODE_A10288_length_596_cov_2.265896_BlackFly43
NODE_A42_length_2813_cov_7.030702_BlackFly22	NODE_A42_length_2813_cov_7.030702_BlackFly22
NODE_A158_length_2746_cov_12.469090_BlackFly3	NODE_A158_length_2746_cov_12.469090_BlackFly3
NODE_A30_length_2743_cov_9.873218_BlackFly46	NODE_A30_length_2743_cov_9.873218_BlackFly46
NODE_A36_length_2676_cov_4.632936_BlackFly58	NODE_A36_length_2676_cov_4.632936_BlackFly58
NODE_A74_length_2658_cov_4.997288_BlackFly34	NODE_A74_length_2658_cov_4.997288_BlackFly34
NODE_A74_length_2655_cov_9.629170_BlackFly6	NODE_A74_length_2655_cov_9.629170_BlackFly6
NODE_A195_length_2654_cov_3.487000_BlackFly57	NODE_A195_length_2654_cov_3.487000_BlackFly57,NODE_A29_length_2505_cov_8.799835_BlackFly18,NODE_A6108_length_524_cov_1.845638_BlackFly16,NODE_A6919_length_508_cov_1.593968_BlackFly16
NODE_A172_length_2625_cov_23.364207_BlackFly3	NODE_A172_length_2625_cov_23.364207_BlackFly3
NODE_A41_length_2558_cov_4.206771_BlackFly58	NODE_A41_length_2558_cov_4.206771_BlackFly58,NODE_A14876_length_710_cov_2.804107_BlackFly27
NODE_A54_length_2541_cov_17.892045_BlackFly35	NODE_A54_length_2541_cov_17.892045_BlackFly35,NODE_A123_length_2519_cov_8.290336_BlackFly36
NODE_A27_length_2524_cov_8.099305_BlackFly18	NODE_A27_length_2524_cov_8.099305_BlackFly18,NODE_A7112_length_581_cov_4.821429_BlackFly57
NODE_A193_length_2467_cov_38.723013_BlackFly3	NODE_A193_length_2467_cov_38.723013_BlackFly3
NODE_A108_length_2453_cov_4.063131_BlackFly34	NODE_A108_length_2453_cov_4.063131_BlackFly34
NODE_A218_length_2408_cov_7.024453_BlackFly31	NODE_A218_length_2408_cov_7.024453_BlackFly31
NODE_A91_length_2394_cov_9.517911_BlackFly59	NODE_A91_length_2394_cov_9.517911_BlackFly59,NODE_A828_length_743_cov_3.545045_BlackFly53,NODE_A1219_length_668_cov_3.656514_BlackFly53
NODE_A42_length_2386_cov_4.276743_BlackFly58	NODE_A42_length_2386_cov_4.276743_BlackFly58
NODE_A92_length_2386_cov_6.216111_BlackFly59	NODE_A92_length_2386_cov_6.216111_BlackFly59
NODE_A94_length_2367_cov_12.518777_BlackFly59	NODE_A94_length_2367_cov_12.518777_BlackFly59,NODE_A664_length_797_cov_3.227778_BlackFly53,NODE_A3227_length_518_cov_3.292517_BlackFly53
NODE_A92_length_2315_cov_21.345845_BlackFly6	NODE_A92_length_2315_cov_21.345845_BlackFly6,NODE_A49_length_2293_cov_94.218863_BlackFly46,NODE_A7_length_2207_cov_45.648826_BlackFly50,NODE_A108_length_2132_cov_71.768370_BlackFly21,NODE_A161_length_2140_cov_25.736306_BlackFly14,NODE_A94_length_2271_cov_249.412033_BlackFly5,NODE_A59_length_2271_cov_363.916591_BlackFly53,NODE_A1029_length_913_cov_3.915072_BlackFly11
NODE_A86_length_2313_cov_3.328265_BlackFly30	NODE_A86_length_2313_cov_3.328265_BlackFly30
NODE_A57_length_2301_cov_6.491007_BlackFly53	NODE_A57_length_2301_cov_6.491007_BlackFly53,NODE_A9386_length_834_cov_3.347424_BlackFly14,NODE_A29472_length_574_cov_4.716298_BlackFly14
NODE_A234_length_2298_cov_8.771274_BlackFly31	NODE_A234_length_2298_cov_8.771274_BlackFly31
NODE_A221_length_2289_cov_7.137432_BlackFly3	NODE_A221_length_2289_cov_7.137432_BlackFly3
NODE_A46_length_2261_cov_8.910714_BlackFly58	NODE_A46_length_2261_cov_8.910714_BlackFly58
NODE_A33_length_2244_cov_9.735118_BlackFly18	NODE_A33_length_2244_cov_9.735118_BlackFly18,NODE_A2859_length_710_cov_5.642970_BlackFly57,NODE_A7750_length_569_cov_3.743902_BlackFly57,NODE_A5489_length_538_cov_3.774403_BlackFly16
NODE_A56_length_2209_cov_5.166041_BlackFly38	NODE_A56_length_2209_cov_5.166041_BlackFly38
NODE_A30_length_2192_cov_11.602364_BlackFly47	NODE_A30_length_2192_cov_11.602364_BlackFly47,NODE_A162_length_2010_cov_10.716503_BlackFly32,NODE_A838_length_715_cov_1.095611_BlackFly6
NODE_A35_length_2188_cov_8.954050_BlackFly18	NODE_A35_length_2188_cov_8.954050_BlackFly18,NODE_A2589_length_725_cov_3.054012_BlackFly57,NODE_A3062_length_701_cov_2.232372_BlackFly57,NODE_A4805_length_558_cov_2.045738_BlackFly16
NODE_A150_length_2187_cov_63.995735_BlackFly34	NODE_A150_length_2187_cov_63.995735_BlackFly34,NODE_A124_length_1997_cov_12.429167_BlackFly6,NODE_A1217_length_617_cov_1.788889_BlackFly12
NODE_A146_length_2181_cov_17.028992_BlackFly29	NODE_A146_length_2181_cov_17.028992_BlackFly29,NODE_A178_length_1907_cov_3.809290_BlackFly32
NODE_A55_length_2172_cov_13.295465_BlackFly46	NODE_A55_length_2172_cov_13.295465_BlackFly46
NODE_A71_length_2169_cov_9.959847_BlackFly35	NODE_A71_length_2169_cov_9.959847_BlackFly35,NODE_A175_length_2013_cov_6.339876_BlackFly36
NODE_A39_length_2121_cov_6.397750_BlackFly18	NODE_A39_length_2121_cov_6.397750_BlackFly18
NODE_A105_length_2114_cov_9.617084_BlackFly39	NODE_A105_length_2114_cov_9.617084_BlackFly39,NODE_A1417_length_712_cov_2.425197_BlackFly28
NODE_A40_length_2094_cov_15.730293_BlackFly18	NODE_A40_length_2094_cov_15.730293_BlackFly18,NODE_A761_length_983_cov_6.704194_BlackFly57
NODE_A126_length_2087_cov_15.108955_BlackFly59	NODE_A126_length_2087_cov_15.108955_BlackFly59,NODE_A208_length_1344_cov_4.576953_BlackFly53
NODE_A34_length_2086_cov_4.545545_BlackFly11	NODE_A34_length_2086_cov_4.545545_BlackFly11
NODE_A284_length_2071_cov_8.050150_BlackFly31	NODE_A284_length_2071_cov_8.050150_BlackFly31,NODE_A108_length_1853_cov_3.412725_BlackFly44,NODE_A113_length_1457_cov_5.652174_BlackFly22
NODE_A55_length_2058_cov_5.357395_BlackFly58	NODE_A55_length_2058_cov_5.357395_BlackFly58
NODE_A242_length_2047_cov_11.084772_BlackFly57	NODE_A242_length_2047_cov_11.084772_BlackFly57
NODE_A49_length_2029_cov_29.100922_BlackFly24	NODE_A49_length_2029_cov_29.100922_BlackFly24,NODE_A2332_length_1089_cov_4.251976_BlackFly23,NODE_A755_length_956_cov_2.783845_BlackFly16,NODE_A393_length_840_cov_1.871560_BlackFly35,NODE_A1037_length_841_cov_2.160995_BlackFly32,NODE_A1567_length_589_cov_1.769531_BlackFly5
NODE_A56_length_2024_cov_3.367232_BlackFly58	NODE_A56_length_2024_cov_3.367232_BlackFly58
NODE_A77_length_2018_cov_686.568264_BlackFly53	NODE_A77_length_2018_cov_686.568264_BlackFly53,NODE_A136_length_1914_cov_115.133914_BlackFly21,NODE_A8_length_1863_cov_70.622060_BlackFly50,NODE_A107_length_2017_cov_450.800000_BlackFly5,NODE_A147_length_1826_cov_57.323042_BlackFly6,NODE_A376_length_1783_cov_28.130715_BlackFly14,NODE_A74_length_1613_cov_8.475911_BlackFly11,NODE_A70_length_2015_cov_149.030960_BlackFly46,NODE_A367_length_1517_cov_4.231944_BlackFly16,NODE_A341_length_1304_cov_3.550122_BlackFly59,NODE_A252_length_1051_cov_3.241273_BlackFly35,NODE_A13403_length_534_cov_2.943107_BlackFly26
NODE_A35_length_2012_cov_47.197933_BlackFly11	NODE_A35_length_2012_cov_47.197933_BlackFly11
NODE_A118_length_2006_cov_3.419907_BlackFly30	NODE_A118_length_2006_cov_3.419907_BlackFly30,NODE_A329_length_761_cov_1.440058_BlackFly20
NODE_A6_length_1989_cov_60.015167_BlackFly_NC_Jara_2	NODE_A6_length_1989_cov_60.015167_BlackFly_NC_Jara_2
NODE_A83_length_1978_cov_3.914782_BlackFly35	NODE_A83_length_1978_cov_3.914782_BlackFly35
NODE_A307_length_1973_cov_33.273734_BlackFly31	NODE_A307_length_1973_cov_33.273734_BlackFly31,NODE_A1807_length_567_cov_2.342857_BlackFly5,NODE_A2457_length_525_cov_2.531250_BlackFly5
NODE_A169_length_1973_cov_3.756329_BlackFly32	NODE_A169_length_1973_cov_3.756329_BlackFly32
NODE_A182_length_1970_cov_16.103011_BlackFly36	NODE_A182_length_1970_cov_16.103011_BlackFly36
NODE_A291_length_1957_cov_335.125532_BlackFly28	NODE_A291_length_1957_cov_335.125532_BlackFly28,NODE_A77_length_1925_cov_104.199675_BlackFly46,NODE_A192_length_1832_cov_142.176068_BlackFly32,NODE_A280_length_1475_cov_6.886981_BlackFly15
NODE_A140_length_1950_cov_6.507742_BlackFly59	NODE_A140_length_1950_cov_6.507742_BlackFly59,NODE_A1135_length_681_cov_1.908940_BlackFly53
NODE_A98_length_1949_cov_3.704060_BlackFly20	NODE_A98_length_1949_cov_3.704060_BlackFly20
NODE_A260_length_1948_cov_11.305184_BlackFly23	NODE_A260_length_1948_cov_11.305184_BlackFly23,NODE_A1350_length_930_cov_6.235639_BlackFly29,NODE_A931_length_913_cov_2.291866_BlackFly28,NODE_A733_length_788_cov_1.354430_BlackFly15,NODE_A4949_length_685_cov_6.041118_BlackFly29,NODE_A1205_length_614_cov_3.452514_BlackFly15,NODE_A6147_length_612_cov_2.732710_BlackFly38
NODE_A244_length_1947_cov_18.424064_BlackFly12	NODE_A244_length_1947_cov_18.424064_BlackFly12
NODE_A38_length_1922_cov_43.859621_BlackFly11	NODE_A38_length_1922_cov_43.859621_BlackFly11
NODE_A35_length_1916_cov_8.128874_BlackFly47	NODE_A35_length_1916_cov_8.128874_BlackFly47,NODE_A216_length_1718_cov_11.795247_BlackFly32,NODE_A1146_length_1486_cov_8.784244_BlackFly34,NODE_A301_length_957_cov_4.520455_BlackFly35,NODE_A1860_length_780_cov_6.100996_BlackFly38,NODE_A767_length_668_cov_3.954315_BlackFly35,NODE_A5603_length_624_cov_6.175503_BlackFly38,NODE_A1763_length_513_cov_2.522936_BlackFly6
NODE_A58_length_1912_cov_6.498638_BlackFly58	NODE_A58_length_1912_cov_6.498638_BlackFly58
NODE_A47_length_1911_cov_6.413304_BlackFly18	NODE_A47_length_1911_cov_6.413304_BlackFly18,NODE_A6977_length_584_cov_2.106509_BlackFly57,NODE_A12779_length_501_cov_1.917453_BlackFly57
NODE_A290_length_1905_cov_3.991247_BlackFly34	NODE_A290_length_1905_cov_3.991247_BlackFly34
NODE_A39_length_1893_cov_8.268722_BlackFly11	NODE_A39_length_1893_cov_8.268722_BlackFly11
NODE_A67_length_1883_cov_4.517719_BlackFly10	NODE_A67_length_1883_cov_4.517719_BlackFly10,NODE_A322_length_1390_cov_2.431835_BlackFly29
NODE_A61_length_1871_cov_8.332776_BlackFly58	NODE_A61_length_1871_cov_8.332776_BlackFly58,NODE_A928_length_1408_cov_4.392186_BlackFly3,NODE_A1770_length_1173_cov_2.395985_BlackFly27
NODE_A142_length_1860_cov_3.038138_BlackFly42	NODE_A142_length_1860_cov_3.038138_BlackFly42,NODE_A641_length_808_cov_3.065663_BlackFly53,NODE_A766_length_668_cov_4.463621_BlackFly35
NODE_A153_length_1860_cov_9.473360_BlackFly59	NODE_A153_length_1860_cov_9.473360_BlackFly59,NODE_A2597_length_548_cov_3.346072_BlackFly53
NODE_A376_length_1853_cov_3.476914_BlackFly3	NODE_A376_length_1853_cov_3.476914_BlackFly3
NODE_A161_length_1849_cov_5.755079_BlackFly59	NODE_A161_length_1849_cov_5.755079_BlackFly59,NODE_A756_length_762_cov_2.045255_BlackFly53,NODE_A2056_length_582_cov_1.966337_BlackFly53
NODE_A173_length_1837_cov_3.143182_BlackFly52	NODE_A173_length_1837_cov_3.143182_BlackFly52
NODE_A207_length_1828_cov_5.733295_BlackFly36	NODE_A207_length_1828_cov_5.733295_BlackFly36,NODE_A124_length_1618_cov_20.382219_BlackFly35
NODE_A67_length_1809_cov_5.094111_BlackFly58	NODE_A67_length_1809_cov_5.094111_BlackFly58
NODE_A50_length_1806_cov_6.036437_BlackFly11	NODE_A50_length_1806_cov_6.036437_BlackFly11
NODE_A96_length_1803_cov_5.392236_BlackFly4	NODE_A96_length_1803_cov_5.392236_BlackFly4
NODE_A68_length_1800_cov_6.702844_BlackFly58	NODE_A68_length_1800_cov_6.702844_BlackFly58,NODE_A5254_length_922_cov_2.311243_BlackFly27,NODE_A13127_length_551_cov_2.308017_BlackFly43
NODE_A61_length_1799_cov_5.473868_BlackFly18	NODE_A61_length_1799_cov_5.473868_BlackFly18
NODE_A156_length_1790_cov_3.573847_BlackFly6	NODE_A156_length_1790_cov_3.573847_BlackFly6
NODE_A103_length_1769_cov_5.813239_BlackFly53	NODE_A103_length_1769_cov_5.813239_BlackFly53,NODE_A187_length_1742_cov_27.497898_BlackFly59
NODE_A72_length_1763_cov_1.722420_BlackFly22	NODE_A72_length_1763_cov_1.722420_BlackFly22,NODE_A310_length_1002_cov_1.852973_BlackFly46
NODE_A167_length_1754_cov_23.976744_BlackFly6	NODE_A167_length_1754_cov_23.976744_BlackFly6
NODE_A321_length_1751_cov_12.705496_BlackFly27	NODE_A321_length_1751_cov_12.705496_BlackFly27
NODE_A347_length_1746_cov_1.957460_BlackFly28	NODE_A347_length_1746_cov_1.957460_BlackFly28
NODE_A284_length_1743_cov_76.501200_BlackFly57	NODE_A284_length_1743_cov_76.501200_BlackFly57,NODE_A1984_length_651_cov_5.203833_BlackFly21
NODE_A458_length_1742_cov_43.584384_BlackFly34	NODE_A458_length_1742_cov_43.584384_BlackFly34
NODE_A72_length_1741_cov_3.585938_BlackFly58	NODE_A72_length_1741_cov_3.585938_BlackFly58
NODE_A110_length_1732_cov_19.791541_BlackFly35	NODE_A110_length_1732_cov_19.791541_BlackFly35,NODE_A362_length_1688_cov_232.835506_BlackFly27,NODE_A510_length_1202_cov_6.190222_BlackFly25
NODE_A37_length_1726_cov_3.627047_BlackFly13	NODE_A37_length_1726_cov_3.627047_BlackFly13
NODE_A452_length_1720_cov_4.395009_BlackFly14	NODE_A452_length_1720_cov_4.395009_BlackFly14,NODE_A493_length_917_cov_1.713095_BlackFly48
NODE_A476_length_1713_cov_2.848411_BlackFly3	NODE_A476_length_1713_cov_2.848411_BlackFly3
NODE_A116_length_1713_cov_6.366137_BlackFly35	NODE_A116_length_1713_cov_6.366137_BlackFly35,NODE_A7089_length_1037_cov_5.026042_BlackFly34,NODE_A684_length_953_cov_4.050228_BlackFly38,NODE_A43857_length_632_cov_4.115315_BlackFly34
NODE_A173_length_1706_cov_9.790669_BlackFly6	NODE_A173_length_1706_cov_9.790669_BlackFly6,NODE_A416_length_1681_cov_6.933292_BlackFly23,NODE_A2640_length_516_cov_1.952164_BlackFly5
NODE_A121_length_1705_cov_3.441032_BlackFly53	NODE_A121_length_1705_cov_3.441032_BlackFly53
NODE_A110_length_1677_cov_4.751250_BlackFly38	NODE_A110_length_1677_cov_4.751250_BlackFly38,NODE_A1011_length_879_cov_3.559850_BlackFly49,NODE_A8730_length_989_cov_10.123904_BlackFly34,NODE_A518_length_933_cov_5.110981_BlackFly42,NODE_A824_length_889_cov_2.953202_BlackFly59,NODE_A98_length_825_cov_5.093583_BlackFly33,NODE_A37302_length_517_cov_4.538636_BlackFly39
NODE_A132_length_1677_cov_3.679375_BlackFly44	NODE_A132_length_1677_cov_3.679375_BlackFly44,NODE_A1271_length_894_cov_3.648715_BlackFly31,NODE_A3365_length_513_cov_2.282110_BlackFly53
NODE_A532_length_1663_cov_2.945145_BlackFly14	NODE_A532_length_1663_cov_2.945145_BlackFly14
NODE_A584_length_1659_cov_168.922882_BlackFly34	NODE_A584_length_1659_cov_168.922882_BlackFly34
NODE_A80_length_1656_cov_3.470551_BlackFly58	NODE_A80_length_1656_cov_3.470551_BlackFly58
NODE_A68_length_1644_cov_12.787492_BlackFly18	NODE_A68_length_1644_cov_12.787492_BlackFly18,NODE_A938_length_924_cov_4.371901_BlackFly57
NODE_A83_length_1636_cov_4.406030_BlackFly58	NODE_A83_length_1636_cov_4.406030_BlackFly58
NODE_A232_length_1635_cov_68.585366_BlackFly15	NODE_A232_length_1635_cov_68.585366_BlackFly15,NODE_A297_length_1567_cov_61.051678_BlackFly36
NODE_A84_length_1632_cov_2.702251_BlackFly58	NODE_A84_length_1632_cov_2.702251_BlackFly58
NODE_A85_length_1628_cov_2.499033_BlackFly58	NODE_A85_length_1628_cov_2.499033_BlackFly58
NODE_A601_length_1620_cov_3.591704_BlackFly14	NODE_A601_length_1620_cov_3.591704_BlackFly14
NODE_A75_length_1615_cov_9.231469_BlackFly18	NODE_A75_length_1615_cov_9.231469_BlackFly18,NODE_A1318_length_846_cov_5.824447_BlackFly57
NODE_A141_length_1608_cov_8.414108_BlackFly45	NODE_A141_length_1608_cov_8.414108_BlackFly45
NODE_A469_length_1602_cov_7.198033_BlackFly31	NODE_A469_length_1602_cov_7.198033_BlackFly31
NODE_A220_length_1595_cov_11.666667_BlackFly59	NODE_A220_length_1595_cov_11.666667_BlackFly59,NODE_A1622_length_620_cov_2.270718_BlackFly53
NODE_A79_length_1593_cov_16.267810_BlackFly9	NODE_A79_length_1593_cov_16.267810_BlackFly9
NODE_A89_length_1586_cov_3.630219_BlackFly58	NODE_A89_length_1586_cov_3.630219_BlackFly58
NODE_A92_length_1573_cov_3.038770_BlackFly58	NODE_A92_length_1573_cov_3.038770_BlackFly58
NODE_A148_length_1570_cov_3.226390_BlackFly53	NODE_A148_length_1570_cov_3.226390_BlackFly53,NODE_A34067_length_536_cov_2.995643_BlackFly39
NODE_A295_length_1569_cov_5.703753_BlackFly36	NODE_A295_length_1569_cov_5.703753_BlackFly36
NODE_A153_length_1563_cov_2.646703_BlackFly44	NODE_A153_length_1563_cov_2.646703_BlackFly44,NODE_A3146_length_721_cov_2.444099_BlackFly7,NODE_A3552_length_533_cov_1.436404_BlackFly31
NODE_A234_length_1560_cov_22.370870_BlackFly59	NODE_A234_length_1560_cov_22.370870_BlackFly59,NODE_A350_length_1027_cov_4.050526_BlackFly53
NODE_A139_length_1554_cov_6.857143_BlackFly35	NODE_A139_length_1554_cov_6.857143_BlackFly35,NODE_A562_length_1291_cov_5.631796_BlackFly28
NODE_A469_length_1551_cov_14.052917_BlackFly39	NODE_A469_length_1551_cov_14.052917_BlackFly39
NODE_A676_length_1537_cov_4.605479_BlackFly3	NODE_A676_length_1537_cov_4.605479_BlackFly3,NODE_A249_length_1207_cov_5.844248_BlackFly53
NODE_A162_length_1529_cov_1.849174_BlackFly44	NODE_A162_length_1529_cov_1.849174_BlackFly44
NODE_A157_length_1526_cov_342.447895_BlackFly53	NODE_A157_length_1526_cov_342.447895_BlackFly53,NODE_A119_length_1459_cov_159.926918_BlackFly46,NODE_A231_length_1434_cov_57.123803_BlackFly6,NODE_A10_length_1378_cov_46.985396_BlackFly50,NODE_A219_length_1417_cov_50.750746_BlackFly21,NODE_A1774_length_1269_cov_17.098993_BlackFly14,NODE_A154_length_1519_cov_1019.334258_BlackFly5,NODE_A2980_length_577_cov_1.848000_BlackFly59,NODE_A10328_length_563_cov_1.940329_BlackFly11,NODE_A2276_length_512_cov_2.016092_BlackFly35
NODE_A519_length_1521_cov_18.040166_BlackFly31	NODE_A519_length_1521_cov_18.040166_BlackFly31,NODE_A592_length_917_cov_3.320238_BlackFly22,NODE_A509_length_772_cov_5.105036_BlackFly44,NODE_A531_length_759_cov_3.815249_BlackFly44
NODE_A81_length_1520_cov_5.654886_BlackFly24	NODE_A81_length_1520_cov_5.654886_BlackFly24
NODE_A99_length_1512_cov_3.264111_BlackFly58	NODE_A99_length_1512_cov_3.264111_BlackFly58
NODE_A250_length_1504_cov_3.063069_BlackFly52	NODE_A250_length_1504_cov_3.063069_BlackFly52
NODE_A105_length_1497_cov_5.743662_BlackFly10	NODE_A105_length_1497_cov_5.743662_BlackFly10,NODE_A807_length_1052_cov_2.397949_BlackFly29
NODE_A146_length_1497_cov_5.563380_BlackFly38	NODE_A146_length_1497_cov_5.563380_BlackFly38,NODE_A1039_length_579_cov_2.286853_BlackFly30
NODE_A106_length_1489_cov_17.085694_BlackFly10	NODE_A106_length_1489_cov_17.085694_BlackFly10,NODE_A1771_length_639_cov_1.649466_BlackFly28
NODE_A538_length_1488_cov_3.860383_BlackFly31	NODE_A538_length_1488_cov_3.860383_BlackFly31
NODE_A99_length_1484_cov_8.024876_BlackFly18	NODE_A99_length_1484_cov_8.024876_BlackFly18,NODE_A4633_length_641_cov_4.407801_BlackFly57
NODE_A101_length_1479_cov_4.440799_BlackFly58	NODE_A101_length_1479_cov_4.440799_BlackFly58
NODE_A386_length_1474_cov_14.945598_BlackFly16	NODE_A386_length_1474_cov_14.945598_BlackFly16
NODE_A169_length_1465_cov_13.329251_BlackFly53	NODE_A169_length_1465_cov_13.329251_BlackFly53
NODE_A1263_length_1461_cov_3.488439_BlackFly34	NODE_A1263_length_1461_cov_3.488439_BlackFly34
NODE_A114_length_1456_cov_10.065990_BlackFly22	NODE_A114_length_1456_cov_10.065990_BlackFly22,NODE_A290_length_1335_cov_4.649444_BlackFly52,NODE_A671_length_1330_cov_15.169992_BlackFly31,NODE_A660_length_1336_cov_7.459889_BlackFly49,NODE_A213_length_1329_cov_38.503195_BlackFly53,NODE_A343_length_1246_cov_4.222412_BlackFly32
NODE_A466_length_1450_cov_8.583394_BlackFly28	NODE_A466_length_1450_cov_8.583394_BlackFly28
NODE_A398_length_1447_cov_5.272993_BlackFly12	NODE_A398_length_1447_cov_5.272993_BlackFly12
NODE_A87_length_1440_cov_5.110785_BlackFly24	NODE_A87_length_1440_cov_5.110785_BlackFly24
NODE_A140_length_1440_cov_3.300073_BlackFly4	NODE_A140_length_1440_cov_3.300073_BlackFly4
NODE_A274_length_1438_cov_6.964732_BlackFly59	NODE_A274_length_1438_cov_6.964732_BlackFly59
NODE_A236_length_1402_cov_12.934340_BlackFly6	NODE_A236_length_1402_cov_12.934340_BlackFly6
NODE_A968_length_1388_cov_9.518688_BlackFly3	NODE_A968_length_1388_cov_9.518688_BlackFly3
NODE_A195_length_1382_cov_4.891188_BlackFly53	NODE_A195_length_1382_cov_4.891188_BlackFly53
NODE_A170_length_1379_cov_16.767281_BlackFly35	NODE_A170_length_1379_cov_16.767281_BlackFly35,NODE_A428_length_1355_cov_5.615806_BlackFly36
NODE_A630_length_1374_cov_5.327679_BlackFly31	NODE_A630_length_1374_cov_5.327679_BlackFly31
NODE_A305_length_1372_cov_9.583012_BlackFly15	NODE_A305_length_1372_cov_9.583012_BlackFly15
NODE_A305_length_1370_cov_10.284609_BlackFly59	NODE_A305_length_1370_cov_10.284609_BlackFly59,NODE_A397_length_975_cov_2.638085_BlackFly53
NODE_A135_length_1364_cov_12.328671_BlackFly46	NODE_A135_length_1364_cov_12.328671_BlackFly46
NODE_A136_length_1361_cov_11.406542_BlackFly46	NODE_A136_length_1361_cov_11.406542_BlackFly46
NODE_A967_length_1343_cov_8.412322_BlackFly23	NODE_A967_length_1343_cov_8.412322_BlackFly23,NODE_A3446_length_750_cov_4.285290_BlackFly29
NODE_A118_length_1343_cov_8.256714_BlackFly58	NODE_A118_length_1343_cov_8.256714_BlackFly58,NODE_A4872_length_939_cov_2.564965_BlackFly27
NODE_A311_length_1333_cov_7.980096_BlackFly32	NODE_A311_length_1333_cov_7.980096_BlackFly32,NODE_A747_length_764_cov_2.110626_BlackFly53
NODE_A1135_length_1329_cov_3.801917_BlackFly3	NODE_A1135_length_1329_cov_3.801917_BlackFly3
NODE_A125_length_1323_cov_6.082665_BlackFly58	NODE_A125_length_1323_cov_6.082665_BlackFly58
NODE_A337_length_1311_cov_6.997569_BlackFly59	NODE_A337_length_1311_cov_6.997569_BlackFly59,NODE_A1863_length_597_cov_3.036538_BlackFly53
NODE_A149_length_1307_cov_32.414634_BlackFly22	NODE_A149_length_1307_cov_32.414634_BlackFly22,NODE_A2684_length_605_cov_4.094697_BlackFly21,NODE_A4611_length_537_cov_2.913043_BlackFly21
NODE_A166_length_1302_cov_6.802449_BlackFly11	NODE_A166_length_1302_cov_6.802449_BlackFly11
NODE_A306_length_1298_cov_4.435708_BlackFly52	NODE_A306_length_1298_cov_4.435708_BlackFly52
NODE_A188_length_1295_cov_8.063218_BlackFly35	NODE_A188_length_1295_cov_8.063218_BlackFly35
NODE_A2720_length_1269_cov_4.720638_BlackFly34	NODE_A2720_length_1269_cov_4.720638_BlackFly34
NODE_A234_length_1268_cov_2.710327_BlackFly53	NODE_A234_length_1268_cov_2.710327_BlackFly53
NODE_A198_length_1263_cov_6.150084_BlackFly18	NODE_A198_length_1263_cov_6.150084_BlackFly18,NODE_A5319_length_622_cov_2.154128_BlackFly57
NODE_A144_length_1249_cov_5.883106_BlackFly58	NODE_A144_length_1249_cov_5.883106_BlackFly58
NODE_A306_length_1231_cov_3.333622_BlackFly6	NODE_A306_length_1231_cov_3.333622_BlackFly6
NODE_A2117_length_1222_cov_5.878603_BlackFly14	NODE_A2117_length_1222_cov_5.878603_BlackFly14,NODE_A3503_length_605_cov_1.541667_BlackFly46,NODE_A27179_length_504_cov_2.187354_BlackFly25,NODE_A27533_length_502_cov_2.167059_BlackFly25
NODE_A237_length_1220_cov_11.640420_BlackFly18	NODE_A237_length_1220_cov_11.640420_BlackFly18,NODE_A2973_length_705_cov_3.842357_BlackFly57,NODE_A4243_length_576_cov_2.318637_BlackFly16
NODE_A727_length_1216_cov_8.979807_BlackFly49	NODE_A727_length_1216_cov_8.979807_BlackFly49
NODE_A345_length_1212_cov_1.242291_BlackFly52	NODE_A345_length_1212_cov_1.242291_BlackFly52
NODE_A166_length_1205_cov_3.503546_BlackFly58	NODE_A166_length_1205_cov_3.503546_BlackFly58,NODE_A28701_length_582_cov_1.522772_BlackFly27
NODE_A1629_length_1201_cov_6.390569_BlackFly3	NODE_A1629_length_1201_cov_6.390569_BlackFly3
NODE_A138_length_1197_cov_4.356250_BlackFly24	NODE_A138_length_1197_cov_4.356250_BlackFly24
NODE_A528_length_1195_cov_2.611807_BlackFly12	NODE_A528_length_1195_cov_2.611807_BlackFly12
NODE_A826_length_1194_cov_2.547896_BlackFly19	NODE_A826_length_1194_cov_2.547896_BlackFly19
NODE_A1628_length_1185_cov_4.176895_BlackFly23	NODE_A1628_length_1185_cov_4.176895_BlackFly23
NODE_A274_length_1184_cov_9.246612_BlackFly18	NODE_A274_length_1184_cov_9.246612_BlackFly18,NODE_A2298_length_744_cov_1.799100_BlackFly57,NODE_A3273_length_613_cov_2.264925_BlackFly16
NODE_A656_length_1172_cov_4.136073_BlackFly28	NODE_A656_length_1172_cov_4.136073_BlackFly28
NODE_A1721_length_1170_cov_3.523330_BlackFly23	NODE_A1721_length_1170_cov_3.523330_BlackFly23
NODE_A236_length_1168_cov_4.105408_BlackFly5	NODE_A236_length_1168_cov_4.105408_BlackFly5
NODE_A831_length_1167_cov_7.839450_BlackFly31	NODE_A831_length_1167_cov_7.839450_BlackFly31
NODE_C36_length_1159_cov_5.086876_BlackFly45	NODE_C36_length_1159_cov_5.086876_BlackFly45
NODE_A1916_length_1150_cov_4.765144_BlackFly3	NODE_A1916_length_1150_cov_4.765144_BlackFly3
NODE_A759_length_1148_cov_4.226891_BlackFly36	NODE_A759_length_1148_cov_4.226891_BlackFly36
NODE_A172_length_1148_cov_3.540616_BlackFly9	NODE_A172_length_1148_cov_3.540616_BlackFly9
NODE_A372_length_1147_cov_9.446729_BlackFly52	NODE_A372_length_1147_cov_9.446729_BlackFly52
NODE_A559_length_1143_cov_16.606942_BlackFly12	NODE_A559_length_1143_cov_16.606942_BlackFly12
NODE_A338_length_1142_cov_11.385915_BlackFly38	NODE_A338_length_1142_cov_11.385915_BlackFly38
NODE_A1987_length_1140_cov_8.256820_BlackFly3	NODE_A1987_length_1140_cov_8.256820_BlackFly3
NODE_A226_length_1139_cov_1.753296_BlackFly35	NODE_A226_length_1139_cov_1.753296_BlackFly35
NODE_A51_length_1138_cov_16.384543_BlackFly_NC_Jara_2	NODE_A51_length_1138_cov_16.384543_BlackFly_NC_Jara_2
NODE_A542_length_1132_cov_3.643602_BlackFly16	NODE_A542_length_1132_cov_3.643602_BlackFly16
NODE_A349_length_1131_cov_3.372865_BlackFly38	NODE_A349_length_1131_cov_3.372865_BlackFly38
NODE_A2065_length_1129_cov_2.596958_BlackFly3	NODE_A2065_length_1129_cov_2.596958_BlackFly3,NODE_A1486_length_596_cov_1.849711_BlackFly5,NODE_A15699_length_520_cov_2.591422_BlackFly43
NODE_A684_length_1126_cov_5.015253_BlackFly28	NODE_A684_length_1126_cov_5.015253_BlackFly28
NODE_A526_length_1126_cov_1.605338_BlackFly57	NODE_A526_length_1126_cov_1.605338_BlackFly57
NODE_A555_length_1124_cov_3.456543_BlackFly16	NODE_A555_length_1124_cov_3.456543_BlackFly16
NODE_B107_length_1124_cov_2.391595_BlackFly32	NODE_B107_length_1124_cov_2.391595_BlackFly32
NODE_A215_length_1123_cov_9.336520_BlackFly46	NODE_A215_length_1123_cov_9.336520_BlackFly46
NODE_A366_length_1115_cov_2.669557_BlackFly18	NODE_A366_length_1115_cov_2.669557_BlackFly18
NODE_A299_length_1114_cov_5.323047_BlackFly53	NODE_A299_length_1114_cov_5.323047_BlackFly53
NODE_A582_length_1111_cov_1.933269_BlackFly12	NODE_A582_length_1111_cov_1.933269_BlackFly12
NODE_A378_length_1108_cov_4.085354_BlackFly38	NODE_A378_length_1108_cov_4.085354_BlackFly38
NODE_A2262_length_1105_cov_2.722763_BlackFly3	NODE_A2262_length_1105_cov_2.722763_BlackFly3
NODE_A381_length_1104_cov_7.576436_BlackFly18	NODE_A381_length_1104_cov_7.576436_BlackFly18
NODE_A405_length_1095_cov_2.103143_BlackFly11	NODE_A405_length_1095_cov_2.103143_BlackFly11,NODE_A8571_length_761_cov_4.090643_BlackFly8,NODE_A4037_length_548_cov_2.235669_BlackFly9
NODE_A2334_length_1095_cov_3.008841_BlackFly3	NODE_A2334_length_1095_cov_3.008841_BlackFly3
NODE_A708_length_1089_cov_11.811265_BlackFly29	NODE_A708_length_1089_cov_11.811265_BlackFly29
NODE_A346_length_1086_cov_3.444995_BlackFly42	NODE_A346_length_1086_cov_3.444995_BlackFly42
NODE_A6093_length_1072_cov_4.558794_BlackFly34	NODE_A6093_length_1072_cov_4.558794_BlackFly34
NODE_A551_length_1068_cov_8.683148_BlackFly59	NODE_A551_length_1068_cov_8.683148_BlackFly59,NODE_A1566_length_625_cov_3.246350_BlackFly53
NODE_A2593_length_1066_cov_3.676441_BlackFly3	NODE_A2593_length_1066_cov_3.676441_BlackFly3
NODE_A563_length_1060_cov_9.757884_BlackFly59	NODE_A563_length_1060_cov_9.757884_BlackFly59
NODE_A2687_length_1058_cov_0.796126_BlackFly3	NODE_A2687_length_1058_cov_0.796126_BlackFly3
NODE_A3180_length_1057_cov_8.945918_BlackFly39	NODE_A3180_length_1057_cov_8.945918_BlackFly39,NODE_A624_length_576_cov_1.342685_BlackFly4
NODE_A195_length_1056_cov_5.629213_BlackFly20	NODE_A195_length_1056_cov_5.629213_BlackFly20
NODE_A204_length_1053_cov_3.823770_BlackFly10	NODE_A204_length_1053_cov_3.823770_BlackFly10
NODE_A492_length_1053_cov_6.642418_BlackFly18	NODE_A492_length_1053_cov_6.642418_BlackFly18
NODE_A756_length_1053_cov_2.394467_BlackFly28	NODE_A756_length_1053_cov_2.394467_BlackFly28
NODE_A628_length_1045_cov_2.024793_BlackFly12	NODE_A628_length_1045_cov_2.024793_BlackFly12
NODE_A199_length_1045_cov_6.971074_BlackFly20	NODE_A199_length_1045_cov_6.971074_BlackFly20
NODE_A989_length_1043_cov_19.606625_BlackFly31	NODE_A989_length_1043_cov_19.606625_BlackFly31
NODE_A6938_length_1042_cov_3.617617_BlackFly34	NODE_A6938_length_1042_cov_3.617617_BlackFly34
NODE_A447_length_1037_cov_3.162500_BlackFly52	NODE_A447_length_1037_cov_3.162500_BlackFly52
NODE_A588_length_1034_cov_2.075235_BlackFly59	NODE_A588_length_1034_cov_2.075235_BlackFly59
NODE_A639_length_1030_cov_2.540399_BlackFly16	NODE_A639_length_1030_cov_2.540399_BlackFly16
NODE_A263_length_1025_cov_4.652954_BlackFly35	NODE_A263_length_1025_cov_4.652954_BlackFly35
NODE_A874_length_1021_cov_3.550847_BlackFly49	NODE_A874_length_1021_cov_3.550847_BlackFly49
NODE_A210_length_1018_cov_1.857598_BlackFly20	NODE_A210_length_1018_cov_1.857598_BlackFly20
NODE_A307_length_1018_cov_3.221041_BlackFly58	NODE_A307_length_1018_cov_3.221041_BlackFly58
NODE_A305_length_1014_cov_2.613661_BlackFly5	NODE_A305_length_1014_cov_2.613661_BlackFly5
NODE_A626_length_1010_cov_11.085745_BlackFly59	NODE_A626_length_1010_cov_11.085745_BlackFly59
NODE_A658_length_1008_cov_2.777658_BlackFly12	NODE_A658_length_1008_cov_2.777658_BlackFly12
NODE_A630_length_1007_cov_13.649462_BlackFly59	NODE_A630_length_1007_cov_13.649462_BlackFly59,NODE_A450_length_925_cov_3.444575_BlackFly53
NODE_A396_length_1005_cov_5.731681_BlackFly_NC_Ludovica_1	NODE_A396_length_1005_cov_5.731681_BlackFly_NC_Ludovica_1
NODE_A364_length_1004_cov_4.487594_BlackFly53	NODE_A364_length_1004_cov_4.487594_BlackFly53
NODE_A338_length_1004_cov_3.580367_BlackFly58	NODE_A338_length_1004_cov_3.580367_BlackFly58
